Gene locus,mass fraction
b3241,0.0
b3240,0.0
b3243,0.0
b3242,0.0
b2836,3.998069e-05
b0885,0.0
b1338,0.0
b1337,0.0
b1339,0.0
b1336,0.0
b2628,0.0
b2627,0.0
b0715,0.0
b0185,0.0005928501
b3255,0.0007414375
b3256,0.0009765555
b2316,0.0006819845
b4015,0.001564165
b4014,0.0006226223
b0114,0.002717659
b0115,0.001638225
b4016,0.0
b2296,0.0007008225
b1276,0.0003856542
b0118,0.009868524
b0404,0.0
b1094,0.004745809
b2563,1.264426e-05
b3475,0.0
b0463,0.000425669
b0462,0.0003781323
b2470,0.0
b3265,0.0
b3266,8.498799e-07
b0464,0.0
b0762,0.0
b4069,0.003163179
b4067,0.0006108994
b2213,0.0
b1623,8.236523e-05
b3665,5.096985e-05
b3714,0.0
b3664,0.0
b1241,0.001492646
b1478,0.0
b4117,0.0
b4115,0.0
b4116,0.0
b0474,0.0005324611
b2468,0.0
b3072,0.0002331022
b0476,0.0
b0263,0.0
b0262,0.0
b3135,0.0
b3138,0.0
b3139,0.0
b3140,0.0
b3141,0.0
b3131,5.58271e-05
b3136,0.0
b3133,3.856304e-05
b3134,0.0
b1002,0.0001813994
b0605,0.005751029
b0606,0.0004681534
b4269,6.576566e-05
b4187,0.0
b2252,0.0
b2290,0.000246461
b2379,0.0001209493
b2670,0.0
b2697,0.001458181
b1415,0.006988004
b3588,4.916967e-05
b2068,0.0
b2212,3.892702e-06
b0505,0.0
b0512,3.865163e-05
b0516,0.0
b0517,0.0
b0515,0.0
b0506,0.0001305912
b0504,0.0
b2624,0.0
b4053,4.53916e-05
b4087,0.0
b4088,1.85512e-05
b4086,0.0
b4085,0.0
b4084,0.0
b3088,3.206963e-05
b2435,4.11152e-05
b4169,6.617521e-05
b2817,4.635763e-05
b0867,1.12755e-05
b1982,0.0003302788
b4150,2.902477e-05
b0110,0.0
b0111,0.0
b0433,0.0
b0376,6.200184e-05
b0451,0.0
b1927,0.0001034105
b1640,5.515516e-05
b1767,9.966771e-05
b2957,0.0
b1453,0.0
b0050,2.384166e-05
b0049,3.548564e-05
b4055,3.641783e-05
b0980,6.956131e-06
b0979,0.0
b0978,0.0
b4592,0.0
b0564,0.0
b0469,0.0002329793
b0875,0.0
b0062,0.0
b0063,0.0
b0064,0.0
b0061,0.0
b2841,0.0
b1901,2.172626e-06
b1900,0.0001073444
b4460,2.577779e-05
b0396,0.0
b4401,0.001047282
b3210,7.181382e-05
b4550,0.0
b0191,0.0
b2818,0.000346076
b3959,0.0003095865
b3958,0.0002267999
b3359,0.0008191436
b3957,0.0005019184
b0273,0.000307844
b3172,0.00169714
b3960,0.0004653049
b4254,0.0004674876
b2918,0.0
b2923,0.0
b2916,0.0001279809
b3237,0.0
b1876,0.0004190834
b2310,0.001651156
b1166,0.0
b2255,0.0
b2253,0.0
b2254,0.0
b2256,8.844072e-06
b4544,0.0
b2258,0.0
b2257,0.0
b0908,0.0003498137
b3389,0.0001567441
b2329,0.0002812137
b1693,0.0001077606
b3281,5.354018e-05
b2601,0.0004590867
b0754,0.0008475813
b1704,0.0001176233
b3390,0.0003510589
b0388,7.715951e-05
b0390,0.0
b0112,0.0005189437
b4017,0.0
b1720,0.0
b1721,0.0
b3502,0.0
b3503,0.0
b3501,0.0
b0863,0.0003766887
b0860,0.001298668
b0861,0.0
b0864,9.829329e-05
b0862,0.0
b2716,0.0
b2715,0.0
b2714,0.0
b3433,0.001363983
b3801,0.0
b3800,0.0
b2064,5.668633e-05
b3744,0.0003069103
b0674,0.0007139182
b3743,0.0
b0930,0.001338528
b4139,0.0005040654
b0928,0.003015586
b1866,0.001009248
b1597,0.0
b1747,0.0
b1745,0.0
b1748,3.829549e-05
b1746,0.0
b1744,0.0
b0454,0.0
b2222,0.0
b2224,0.0
b2220,1.959163e-05
b2221,0.0
b2223,0.0
b2219,0.0
b3734,0.005331098
b3738,0.0
b3731,0.0004652365
b3732,0.003735301
b3737,0.002716265
b3736,0.0007138482
b3733,0.0008884734
b3735,0.0004738835
b3739,0.0
b3572,0.0002016399
b1412,0.0001622771
b4663,0.0
b3057,4.977212e-05
b2079,4.651415e-05
b2078,1.666173e-05
b0177,0.001307986
b2512,0.0004014951
b2477,0.0003739763
b2595,0.0004316416
b2617,0.000182678
b2786,3.915577e-05
b4113,9.72344e-05
b4112,0.0
b3570,0.0
b2480,0.000622564
b2182,1.691962e-05
b3533,0.0
b3532,6.362529e-05
b3530,1.943329e-05
b3536,0.0
b3537,0.0
b3538,0.0
b3534,0.0
b3531,0.0
b4249,0.0
b4251,3.211683e-05
b1481,0.0
b2494,0.0001104943
b0311,0.0
b0312,6.373527e-05
b0313,0.0
b0314,0.0
b3337,0.0
b3336,5.520214e-05
b2901,0.000331734
b3721,0.0
b3722,0.0
b3723,0.0
b3720,0.0
b4366,0.0
b2132,0.0001520175
b1112,0.0
b0774,6.456815e-05
b0775,0.000264642
b0777,0.0
b0778,7.009321e-05
b0776,2.403872e-05
b3412,2.358858e-05
b3871,0.001153573
b3973,3.883238e-05
b3551,6.197884e-05
b4149,0.0
b4409,0.0
b1163,0.0
b1162,0.0
b0435,4.081251e-05
b0557,0.001039824
b0401,0.0
b4189,3.440364e-06
b0836,0.0
b1060,0.0
b3966,0.0004084298
b1711,0.0
b1709,2.960652e-05
b1710,8.751959e-05
b0158,0.0
b1270,5.208859e-05
b4131,0.0
b4132,0.0
b4133,0.0
b0039,0.0
b0038,0.0
b0037,0.0
b0036,0.0
b0035,0.0
b0034,0.0
b0040,0.0
b0126,0.0007705074
b0032,0.000669672
b0033,0.002044124
b2755,0.0
b2754,0.0
b2761,0.0
b2760,0.0
b2759,0.0
b2758,0.0
b2757,0.0
b2756,0.0
b2004,0.0
b1987,0.0
b1000,0.0
b0999,0.0
b3690,0.0
b3716,0.0
b3717,0.0
b2005,0.0
b3056,3.654481e-05
b2201,0.0
b2200,0.0
b2199,0.0
b2198,0.0
b2197,0.0
b2196,0.0
b2195,1.184625e-05
b2194,0.0
b0162,0.0
b2143,6.309723e-05
b1785,0.0
b3918,2.374749e-05
b0175,5.221269e-05
b1731,9.526522e-06
b1661,0.0001706141
b1216,0.0
b1217,0.0
b1218,0.0
b1736,0.0
b1738,1.882714e-05
b1737,0.0
b1734,0.0
b1733,0.0
b1735,0.0
b1888,0.001786361
b1883,0.0002742486
b1884,0.0001347028
b1887,0.001499061
b1882,0.001253656
b1881,0.000958204
b3338,0.0
b0681,0.0
b1741,0.0
b4225,0.0
b4224,0.0
b2155,8.179595e-05
b0618,0.0
b0617,0.0
b0616,0.0
b0615,0.0
b0613,0.0
b0612,0.0
b0614,0.0
b0155,0.0
b1592,5.629785e-06
b0882,0.001077701
b2592,0.0006883008
b0437,0.0004336136
b0881,0.0
b0438,0.0007916988
b1249,0.0
b0789,0.0
b1046,0.0
b0910,7.379476e-05
b1870,5.289333e-05
b1871,4.365126e-05
b0921,0.0
b2933,0.0
b2934,0.0
b1625,1.371972e-05
b3974,9.807359e-05
b3634,3.506495e-05
b0103,2.19488e-05
b1120,0.0001362793
b0638,0.0
b1992,3.244391e-05
b1991,3.512007e-05
b1993,3.507331e-05
b0337,0.0002451583
b0336,7.387015e-05
b0446,0.0
b1111,0.0001082391
b0484,0.0007561644
b3816,0.0001289637
b3032,5.795277e-05
b4213,0.0002210256
b0742,0.0002635375
b2049,0.0
b2048,0.0
b2896,0.0
b3911,4.755172e-05
b4484,8.869514e-05
b3912,0.0003453467
b0080,0.0001503189
b0624,0.0
b4397,6.436542e-05
b4398,0.0
b4399,0.0
b4400,0.0
b4109,0.0
b0240,9.433593e-05
b3357,0.0007450818
b2417,0.001447725
b2810,1.836302e-05
b2811,1.801228e-05
b1042,0.0
b1041,0.0
b1043,0.0
b1040,0.0
b1039,0.0
b1038,0.0
b1037,0.0
b2659,2.943797e-05
b2535,0.0
b2664,0.0
b3556,6.54136e-05
b1557,1.347827e-06
b1823,0.001733004
b0880,0.0003859627
b0623,0.002755908
b1558,0.0
b0990,3.126191e-06
b0989,0.0
b1552,0.0
b2696,0.0
b3252,0.0
b0598,0.00104132
b0123,0.0006294959
b0487,5.166578e-05
b1449,6.128935e-05
b0575,1.296414e-05
b0574,2.233864e-05
b0572,1.049247e-05
b0573,3.805888e-05
b0571,0.0001718399
b0570,4.302298e-05
b4137,0.0
b1874,3.45305e-05
b2313,0.0
b1191,4.860262e-05
b3806,9.94373e-05
b3807,0.000111769
b1418,0.0
b4208,0.0003500817
b0733,0.0002299129
b0734,0.0001217253
b0886,5.376737e-05
b0887,6.733519e-05
b4515,0.0
b0338,0.0
b0340,0.0
b0339,0.0
b0341,0.0
b0432,0.0004123785
b0431,0.0006743763
b0430,0.0
b0429,0.0
b0428,0.0
b2422,0.000896433
b1275,0.0002284194
b2750,0.0001205475
b2752,0.0007828902
b3607,0.0001794557
b3368,5.752459e-05
b2762,0.0003537885
b2763,0.0009379454
b2764,0.000669013
b2414,0.004963331
b2421,0.0003072915
b2751,0.0009350367
b2425,0.0006508004
b4214,0.0001129873
b0526,0.0002864732
b2424,0.0001455848
b2423,0.0
b2413,0.0
b3934,4.388552e-05
b0632,0.0002930679
b3182,0.0
b0839,0.0002956621
b2010,1.037817e-06
b1189,0.0002175776
b1190,0.0001217236
b3387,0.0
b3388,0.0002778889
b2478,0.0005531673
b0031,0.0002994613
b0166,0.00210489
b2472,8.706693e-05
b3809,6.808579e-05
b1206,0.0
b1343,0.0
b2065,0.0001956673
b1961,7.349783e-05
b1538,0.0004492602
b3472,0.000169092
b3528,4.054453e-05
b3507,0.0
b4138,0.0001668755
b4123,0.0
b0621,0.0
b3227,0.0
b4124,0.0
b4125,0.0
b1919,0.0002704145
b0381,5.375871e-05
b0092,7.809982e-05
b1487,3.515105e-05
b1486,0.0
b1485,0.0
b1484,0.0
b1483,0.0
b1488,0.0
b3162,0.0002950957
b2317,0.0
b2314,3.577742e-05
b3287,2.554184e-05
b0161,0.001160977
b3234,0.0001999715
b3235,3.095945e-05
b4382,7.994651e-05
b4383,0.0003285012
b4381,6.700076e-05
b4384,0.0006960837
b0840,9.371075e-06
b2511,0.0002705045
b3639,0.0001268729
b0385,0.0
b2067,0.0
b1522,0.0
b0834,0.0
b1786,0.0
b1341,0.0
b2604,0.0
b1794,0.0
b1956,0.0
b1025,0.0
b1535,0.0
b4042,5.724589e-05
b4477,0.0
b4478,0.0
b3693,0.0
b4479,4.332966e-05
b3691,0.0
b0160,0.0
b1200,9.491075e-05
b1199,0.0
b1198,7.143421e-05
b1201,0.0
b3149,3.889985e-05
b1570,3.943978e-05
b1575,0.0
b1569,0.0
b0231,0.0
b3645,0.0
b4044,0.0
b0799,0.0
b1061,2.945103e-05
b0226,4.158239e-05
b4613,0.0
b0055,3.876442e-05
b0646,0.0
b0649,0.0
b3012,5.664471e-05
b0207,4.3996e-05
b0145,0.0008067237
b2133,0.0005834945
b1800,0.0
b1799,0.0
b0894,0.0
b0895,0.0
b0896,0.0
b1591,3.242882e-05
b3702,0.0001358221
b4052,7.272728e-05
b4361,2.894689e-05
b0184,0.0
b3066,5.551975e-05
b0015,0.0003666159
b0014,0.00555581
b3701,0.0001362135
b0215,0.0
b4362,1.629609e-05
b0470,0.0001033868
b1490,0.0
b1489,0.0
b0620,0.0
b0619,0.0
b3544,0.006509178
b3543,0.000162746
b3542,0.0001248266
b3541,0.0002032124
b3540,0.0001964479
b0812,7.503789e-05
b3860,0.0003251745
b1185,0.0
b2893,0.0001298448
b4136,0.0
b0604,5.332994e-05
b2366,3.294866e-05
b2364,0.0
b2365,0.0
b1952,0.0
b3887,7.194065e-05
b1634,0.0
b3496,0.0
b4130,0.0
b0709,0.0
b4049,6.218031e-05
b3260,1.858127e-05
b2140,0.0
b3640,0.0001616792
b0173,0.0
b0420,0.0001828278
b0297,0.0
b1533,0.0
b2578,0.0
b3076,0.0
b3077,0.0
b3075,2.015538e-05
b4410,0.0
b4411,5.253468e-05
b2209,1.537851e-05
b0293,0.0
b0292,0.0
b0291,0.0
b0290,0.0
b0289,0.0
b0294,0.0
b1850,0.0003651327
b1851,4.766323e-05
b1019,0.0
b1018,8.515847e-05
b1016,0.0
b4147,0.0009489767
b2267,2.694776e-05
b2266,0.0001203308
b2269,6.481955e-06
b3209,0.0001789963
b0938,0.0
b0940,0.0
b0939,0.0
b0941,0.0
b0920,3.18074e-06
b2685,5.557441e-05
b2686,0.0
b3673,0.0
b0543,0.0
b2368,0.0
b2367,0.0
b1193,5.080211e-05
b2945,0.0
b2779,0.004181265
b0596,1.139683e-05
b0595,2.544334e-05
b0593,2.629211e-05
b0583,0.0
b0594,2.263347e-05
b0586,4.865302e-05
b0597,0.0
b0591,0.0
b3613,3.436415e-05
b3264,0.0
b0566,0.0
b3404,0.0
b2927,8.176242e-05
b4155,1.589733e-05
b4146,2.925446e-05
b2326,0.0
b4114,0.0
b3546,0.0
b3955,0.0001994776
b2566,0.0001985503
b0156,0.0004260822
b0554,0.0
b1556,0.0
b0981,0.0
b0982,0.0
b4391,0.0008472619
b2451,0.0
b2441,3.947483e-05
b2440,2.192724e-05
b2458,0.0
b2455,0.0
b2453,0.0
b2452,0.0
b2454,0.0
b2438,0.0
b2439,2.00497e-05
b2457,4.058679e-05
b2456,0.0
b2461,0.0
b2460,0.0
b2437,0.0
b2462,0.0
b2459,0.0
b2369,0.0
b2370,0.0
b3006,0.0001786285
b3005,3.774109e-05
b1844,0.0
b3094,7.731381e-05
b3093,0.0
b0954,0.0003918788
b2323,0.0009535145
b1092,0.0004266151
b1095,0.0005225362
b1093,0.0006470279
b1091,0.0003171597
b1288,0.001427446
b3963,4.964771e-05
b0180,0.0004066145
b3845,0.0003279742
b3846,0.0005374028
b1805,0.0002653312
b0221,0.0003096897
b3081,0.0002601026
b2342,6.889337e-05
b2341,0.0002026971
b1701,0.0
b2344,0.0008640919
b0443,0.0
b1187,0.0001033159
b2912,0.0
b2925,0.002427864
b2097,0.0002017004
b4232,0.0002431287
b2052,0.0
b3895,1.997871e-05
b3891,0.0001088108
b4079,0.0
b1474,0.0
b1475,0.0
b1476,0.0
b3894,0.0
b3893,0.0
b3892,0.0
b0518,0.0
b2525,0.0001311442
b1385,0.0
b1384,0.0
b4291,0.0
b4290,0.0
b4289,0.0
b4288,0.0
b4287,0.0
b4293,0.0
b4292,0.0
b3408,0.0
b3409,5.549969e-05
b3410,0.0
b0584,3.482001e-05
b0592,2.483293e-05
b0588,1.080699e-05
b0590,0.0
b0587,0.0
b0589,0.0
b0585,0.0
b0490,1.643577e-05
b0491,4.971147e-06
b2610,0.0002541907
b2731,0.0
b0150,0.0003876243
b0153,0.0
b0151,1.510849e-05
b0152,0.0
b1102,0.0001515927
b4367,0.0
b3361,5.177091e-06
b3915,0.0
b4314,0.0
b4312,0.0
b4316,0.0
b4317,0.0
b4313,0.0
b4318,0.0
b4319,0.0
b4320,0.0
b4315,0.0
b0535,0.0
b3261,0.000472556
b0805,3.107878e-05
b0041,0.0
b0042,0.0
b0043,0.0
b0044,0.0
b4207,0.000415799
b3347,0.001354977
b0028,5.994274e-05
b0684,0.0003875795
b2895,4.034152e-05
b1072,3.99539e-05
b1073,9.424928e-05
b1074,8.616227e-05
b1075,8.652939e-05
b1076,0.0005849185
b1077,0.0001079663
b1078,0.0001715099
b1079,0.0003099035
b1080,0.00022398
b1081,0.0
b1082,0.0003852713
b1083,0.0005466841
b1071,0.000255964
b1070,6.520822e-05
b1879,0.0003486311
b1880,0.0
b1891,0.0
b1892,6.375943e-05
b1878,4.052842e-05
b1922,0.0005235586
b1923,0.0225792
b1924,0.0005829739
b1937,1.278127e-05
b1938,0.0006239399
b1939,0.0005938912
b1940,5.741824e-05
b1941,0.0003508598
b1942,0.0
b1943,9.026359e-05
b1944,0.0003779734
b1945,0.0005693453
b1946,0.0003669042
b1947,0.0001014486
b1948,7.831946e-05
b1949,0.0
b1950,0.0
b1925,5.563791e-05
b1926,0.0
b1921,0.0001483843
b2321,2.195771e-05
b2000,4.358467e-05
b1566,5.510766e-06
b3288,0.0001109144
b1334,0.0005688043
b0904,2.327069e-05
b2492,0.0
b0048,8.91077e-05
b3058,3.647862e-05
b2315,9.279677e-05
b0529,0.0001977437
b2153,0.001542002
b0142,2.710113e-05
b1606,1.940877e-05
b3177,5.290844e-05
b2303,0.0001184511
b3924,0.0001053072
b2374,0.0
b4154,0.0001166385
b4153,4.06573e-05
b4152,0.0
b4151,0.0
b3844,0.0001539373
b3370,0.0
b3371,0.0
b4474,0.0
b3374,0.0
b3375,4.3417e-05
b0356,0.0003301803
b0355,4.126091e-05
b0357,3.538166e-05
b0172,0.0006487578
b0239,8.237033e-05
b2167,9.097055e-05
b2169,6.504491e-05
b2168,5.894615e-05
b3900,0.0
b3899,0.0
b3897,0.0
b3898,0.0
b3950,0.0
b3949,0.0
b3953,0.0
b2383,0.0
b2387,0.0
b2386,0.0
b0825,0.0
b3946,0.0
b0479,0.0
b1905,0.0002117
b1902,4.146376e-05
b2214,0.0
b0094,0.0002214773
b2748,1.094375e-05
b3463,6.102357e-05
b3178,0.0005679784
b0084,6.564252e-05
b0890,0.0002199078
b0083,2.343627e-05
b3933,5.024858e-05
b3017,8.569295e-05
b0093,3.79955e-05
b0089,0.0
b3462,8.420799e-05
b3464,0.0001718283
b0095,0.0009999196
b2800,0.0
b2802,8.714932e-05
b2803,0.0
b2799,0.0001623865
b2801,0.0
b2805,7.535393e-05
b2804,0.0001058742
b1612,0.002554649
b4122,2.830826e-05
b1611,0.0003022532
b0683,0.0004306146
b3340,0.008378461
b4140,3.101042e-05
b2661,0.0001885232
b2663,0.0
b2662,0.0001936115
b3517,0.0
b1493,0.0001746179
b1492,0.0
b3512,0.0
b3515,0.0
b3516,0.0
b0759,0.000211092
b2042,0.0
b0757,0.0001538825
b0756,0.000316106
b2943,0.0
b2837,0.0
b2151,3.800252e-05
b0758,7.524953e-05
b1236,0.0005193709
b1779,0.01062604
b1417,2.201822e-05
b1416,0.0
b3128,2.893801e-05
b3124,0.0
b3126,0.0
b3127,0.0
b3125,2.869675e-05
b2094,0.0
b2093,0.0
b2092,0.0
b2091,0.0
b2087,8.624108e-06
b2090,0.0
b2096,0.0005078212
b2095,0.0
b0124,7.262884e-05
b0507,0.0
b2808,3.15155e-05
b2904,0.0003181573
b2903,0.0005625432
b2479,4.952912e-05
b2905,0.0002752314
b1761,0.003120278
b0987,0.0
b0986,0.0
b0985,0.0
b0984,0.0
b0983,0.0
b3447,0.0
b4128,0.0
b4559,0.0
b1033,0.0002189606
b3553,0.0004755244
b4064,0.0002246306
b4464,4.370614e-06
b2975,0.0
b2976,0.0006024077
b2980,5.34524e-05
b2979,0.0
b4468,0.0
b4467,0.0
b2977,9.791282e-05
b3945,3.106085e-05
b2036,0.0
b3429,0.0002024126
b3432,0.0002472104
b3430,0.0002283365
b3428,0.0002778266
b3049,0.0
b3431,9.614247e-05
b2388,0.0002015125
b3176,0.0003642541
b3729,0.0008582554
b3730,0.0002189516
b3870,0.002689077
b2553,0.0001572279
b0167,0.0001105373
b3053,0.0001565363
b3868,8.475858e-05
b0811,0.001618624
b0450,0.0
b3869,1.522613e-05
b0810,0.0001303365
b0809,0.0003232467
b0680,0.0006338214
b1651,0.0002393487
b0212,8.458223e-05
b0927,0.0001250149
b2241,0.0
b2242,0.0
b2243,0.0
b3426,6.502101e-05
b3425,0.0
b3927,0.0
b3424,2.190113e-05
b3926,0.0002541087
b2239,4.140131e-05
b3423,2.167864e-05
b2240,7.875347e-05
b3925,4.418344e-05
b2556,0.0
b2554,1.995327e-05
b0720,0.00925568
b3212,0.00232836
b3213,0.0006809124
b3214,0.0
b0655,0.004996249
b0654,0.0001192012
b0653,0.0001331985
b0652,0.000552793
b4077,0.0
b3653,0.0
b2400,0.0006820248
b0144,1.300268e-05
b3682,0.0
b3683,0.0
b3681,0.0
b0514,0.0
b0509,0.0
b2551,0.004049611
b3560,0.0003973389
b3559,0.001062542
b2053,0.0
b0200,8.40581e-05
b3648,6.691234e-05
b2051,0.0
b2029,0.001303511
b4517,3.201391e-05
b1550,0.0001838642
b3437,0.0
b4321,0.0
b3438,6.058922e-05
b3415,6.207602e-05
b4476,0.0
b3413,0.0
b3500,0.0002884088
b3385,7.291339e-05
b0755,0.001477607
b3612,0.000570223
b3779,4.95377e-05
b3608,0.0001209812
b0238,0.0002670009
b2579,0.0001516785
b3181,0.0002937664
b3406,2.138521e-05
b4143,0.005852786
b4142,0.001330965
b2614,0.0008443255
b0849,1.679406e-05
b1064,0.0002019993
b3610,0.0001737734
b1654,0.0005523804
b2688,0.0002000441
b2947,0.0003346592
b0829,9.927234e-05
b0830,0.000195293
b0831,1.738042e-05
b0832,1.957451e-05
b0477,0.0001066546
b3323,0.0
b3322,0.0
b3324,0.0
b3325,0.0
b3326,0.0
b3327,0.0
b3328,0.0
b3329,0.0
b3330,0.0
b3331,0.0
b3332,0.0
b3333,0.0
b3334,0.0
b3335,0.0
b2988,9.287231e-05
b1635,0.0001748682
b0838,0.0003565834
b2507,0.0007313176
b2508,0.0006420777
b0104,0.0003579237
b2883,0.0
b2787,3.33489e-05
b2789,0.0
b2788,0.0
b2706,0.0
b2708,6.752889e-05
b2231,0.0008289396
b3699,0.000729872
b2541,0.0
b2540,0.0
b2542,0.0
b2538,0.0
b2539,0.0
b2537,0.0
b2536,0.0
b1967,9.012742e-05
b0873,0.0
b0872,0.0
b2496,0.0
b3510,0.0
b3509,0.0
b3511,0.0
b4480,4.37065e-05
b1619,7.711953e-05
b0962,5.98532e-05
b1210,0.0
b0369,0.0002108501
b3805,8.966784e-05
b3804,2.448784e-05
b3997,0.0001632257
b2436,0.0
b3850,4.60631e-05
b0475,4.040466e-05
b0154,0.0004955801
b3867,9.629544e-05
b3803,0.0001909761
b3802,0.0001261624
b4175,0.0002660246
b1132,0.0
b4174,0.0003998038
b4173,0.0001549229
b4172,0.0006437387
b0460,6.854432e-05
b4532,0.0
b1438,0.0
b3082,0.0
b3083,0.0
b1103,0.0002064197
b1507,0.0
b1508,0.0
b2024,0.0001654658
b2022,0.0005545099
b2021,0.0003928853
b2020,0.0004052648
b2025,0.0002238064
b2019,0.0005882147
b2023,0.000200207
b2026,0.0002515185
b2309,0.001591219
b2018,0.0
b2307,5.190727e-05
b2306,0.0001405248
b2308,5.421021e-05
b2514,0.0004724019
b1182,0.0
b2552,0.0001055592
b1237,0.006803088
b0107,0.0
b0106,0.0
b3395,0.0
b3394,0.0
b3393,0.0
b3392,0.0
b3391,0.0
b4455,0.0
b4428,0.0
b4412,0.0
b1562,0.0
b4415,0.0
b0640,0.0
b1099,0.0
b4259,1.980316e-05
b4372,0.0
b1842,4.284272e-05
b3203,0.0002015182
b0125,0.000101449
b1413,0.0001358022
b0148,1.156231e-05
b2526,0.0003276682
b2527,6.703606e-05
b0650,0.0
b4349,0.0001971522
b4350,0.0002830511
b4348,6.859717e-05
b1379,0.0
b3401,0.0002328126
b3400,2.161363e-05
b3931,0.0005525798
b3932,0.0001679944
b0966,2.246279e-05
b3754,0.0
b0012,0.0
b0473,0.001443888
b1829,0.0002921227
b0139,0.0
b3618,0.0
b4000,0.003135764
b0440,0.002988684
b0972,0.0
b0973,0.0
b0974,0.0
b0975,0.0
b0976,0.0
b0977,0.0
b2996,0.0
b2995,0.0
b2994,0.0
b2993,3.54664e-06
b2992,0.0
b2991,0.0
b2990,0.0
b2997,0.0
b2725,0.0
b2724,0.0
b2723,0.0
b2722,0.0
b2721,0.0
b2720,0.0
b2719,0.0
b2718,0.0
b2717,1.140703e-05
b2713,0.0
b2481,3.986825e-05
b2482,0.0
b2483,0.0
b2484,0.0
b2485,0.0
b2486,0.0
b2487,0.0
b2488,0.0
b2489,0.0
b2490,0.0
b2491,0.0004147946
b0508,0.0
b2726,0.0
b2727,1.040993e-05
b2728,0.0
b2729,9.996917e-06
b2730,0.0
b2712,0.0
b4327,0.0
b2873,0.0
b0828,5.278938e-05
b4328,7.57748e-05
b2753,0.0
b3190,7.672952e-05
b3687,6.297107e-05
b3686,0.0
b1136,0.01512168
b4519,0.0
b4018,0.0001036083
b2889,0.0
b4267,0.0
b4268,0.0
b4266,3.035705e-05
b4264,0.0
b4265,0.0
b1712,0.00033042
b0912,0.000694876
b0026,0.001593091
b3772,0.000548583
b3671,0.000991619
b3774,0.005508984
b3771,0.001277466
b3770,0.001907811
b3767,0.0003806649
b3768,0.0
b0078,0.0001327796
b0077,0.0003756961
b3766,0.0
b3769,0.0001037694
b3670,0.0001505006
b4669,0.0
b3773,5.670809e-06
b2237,0.0
b0884,0.0002630972
b3168,0.002129095
b1718,0.0006637306
b0022,0.0
b0265,0.0
b0275,0.0
b4516,0.0
b1894,0.0
b3444,0.0
b4294,0.0
,0.0
b0021,0.0
b0264,0.0
b0988,0.0
b0360,0.0
b1403,0.0
b1997,0.0
b2861,0.0
b3044,0.0
b4272,0.0
b1578,0.0
b0361,0.0
b0298,0.0
b0373,0.0
b0540,0.0
b1027,0.0
b2088,0.0
b0299,0.0
b4278,0.0
b0259,0.0
b3218,0.0
b3505,0.0
b0552,0.0
b0656,0.0
b1331,0.0
b1370,0.0
b1994,0.0
b2030,0.0
b2192,0.0
b2982,0.0
b0256,0.0
b1404,0.0
b4284,0.0
b3557,0.0
b3558,0.0
b0016,0.0
b0582,0.0
b2394,0.0
b0255,0.0
b4283,0.0
b0257,0.0
b4285,0.0
b2622,0.0
b4271,0.0
b0537,0.0
b1140,0.0
b0281,0.0
b1936,0.0
b1579,0.0
b1345,0.0
b2349,0.0
b2442,0.0
b4326,0.0
b1160,0.0
b0382,5.217625e-05
b4706,0.0
b2528,0.0002166616
b2531,0.001186767
b2530,0.003516634
b2529,0.001853424
b2524,0.0001022911
b0421,9.232488e-05
b3187,9.501549e-05
b2747,2.692969e-05
b1208,4.80434e-05
b2746,7.798379e-05
b2515,0.0002022246
b0029,0.0001353372
b0174,6.373757e-05
b3672,0.0
b0220,8.301287e-05
b1732,0.0002093277
b3942,0.00180689
b3137,0.0
b3132,0.0
b3617,4.341572e-05
b1250,2.538256e-05
b3526,0.0001104528
b1827,0.000229003
b3909,0.0
b0698,0.0
b0697,0.0
b0696,0.0
b0695,3.543458e-05
b0694,7.29543e-06
b4513,0.0
b1215,0.0004622941
b0918,0.0001587457
b3198,7.22596e-05
b3197,0.0001128482
b2842,0.0
b2843,0.0
b3350,0.0
b0047,0.0
b0046,0.0
b3351,5.351948e-06
b2587,0.0
b1352,0.0
b4331,0.0
b3747,0.0
b0342,0.0
b0345,4.926607e-05
b0343,0.0
b0344,0.0
b0230,0.0
b4036,0.0002664701
b1279,2.583909e-05
b1280,3.942456e-05
b1192,4.160107e-05
b0186,0.0
b1380,0.0002896041
b4419,0.0
b4421,0.0
b4423,0.0
b4453,0.0
b1990,1.811615e-05
b0819,0.0002278652
b1113,5.150629e-05
b0925,0.0
b1678,0.0
b2569,0.0004689325
b2568,0.0001146688
b0074,0.00109468
b0073,0.001077073
b0072,0.001071453
b0071,0.0006189225
b1798,0.0
b0075,0.0
b0076,0.0
b0642,0.001201766
b4043,0.0001222952
b0229,0.0
b4358,0.0
b4357,0.0
b4356,0.0
b2828,0.0
b2660,2.810748e-05
b1653,0.0
b2411,0.0001364651
b3647,0.0
b0628,0.000309035
b0630,3.518967e-05
b1139,0.0
b3454,0.0002625994
b3455,0.0002177048
b3457,0.0
b3460,0.005060556
b3458,0.0008880776
b3456,0.0003092894
b3605,0.0001136531
b3603,0.0
b3604,0.0
b0657,5.963251e-05
b2936,8.706494e-05
b0891,9.616052e-05
b1209,0.0001054463
b1116,5.001104e-05
b1117,6.426533e-05
b1118,3.631769e-05
b1369,0.0
b1371,0.0
b0439,0.001214114
b0222,0.0003657673
b0116,0.005421411
b4386,5.216582e-05
b2835,0.0
b3147,0.000160914
b1105,0.0001330332
b1677,0.03721552
b3200,0.0001336017
b3201,0.00017649
b3199,3.92703e-05
b0054,0.0005529588
b0641,9.2561e-05
b4261,5.20394e-05
b4262,6.863453e-05
b0181,0.000229101
b0182,4.785782e-05
b0096,0.0006078756
b0179,0.0002596022
b0524,0.0
b0915,0.0
b1054,0.0
b1855,6.001029e-05
b2378,0.0
b2174,1.320901e-05
b2289,0.0001327793
b0889,0.0009950438
b0027,0.0
b1513,0.0
b1516,2.871103e-05
b1514,0.0
b1515,0.0
b1517,2.677942e-05
b1518,4.195537e-05
b1511,0.0
b1512,0.0
b0870,0.0001427048
b2687,0.0007515279
b2838,0.0002232148
b4024,0.001728815
b0874,0.0
b2156,0.0003145404
b2839,0.0
b2890,0.0010662
b4129,0.0001487928
b3580,0.0
b0459,2.727706e-05
b0878,3.615096e-05
b0879,1.430814e-05
b1479,0.0004061008
b2463,0.001976006
b0394,8.039027e-05
b4034,0.0003522376
b4033,6.381715e-05
b4032,0.0
b1620,0.0
b4035,3.578957e-05
b4037,0.0001275822
b3417,0.0001903741
b3416,7.852686e-05
b3571,0.0
b3418,0.0005625515
b1621,4.803962e-05
b1622,4.807196e-05
b0403,0.0
b1613,0.0001762905
b1817,0.0008325087
b1818,0.0006960868
b1819,0.0009471383
b0168,0.0003388361
b1531,0.0
b1532,0.0
b1529,0.0
b1530,0.0
b0956,0.0
b2783,0.0
b2782,0.0
b2781,0.0
b0806,0.0
b1450,0.0
b1159,0.0
b4346,3.650173e-05
b4345,0.0
b3028,7.842768e-05
b0842,0.0
b3236,0.005476757
b0448,0.0
b0449,0.0
b2074,1.284611e-05
b2075,0.0
b2076,0.0
b2077,0.0
b3513,2.187152e-05
b3514,0.0
b1053,0.0
b1065,0.0
b1599,0.0
b1600,0.0
b1663,3.955782e-05
b3710,0.0
b4337,0.0
b4082,0.0
b4081,0.0
b4080,0.0
b2138,0.0
b4119,7.496709e-05
b4120,0.0
b4118,0.0
b3930,0.0
b2262,0.0001778365
b2261,2.033815e-05
b2264,0.0
b2260,0.0
b2265,1.819335e-05
b2263,0.0
b1686,0.0001025127
b2328,5.224075e-05
b1655,1.88446e-06
b1856,0.0
b2175,0.00226771
b4013,0.0005581866
b3939,0.0003790854
b3008,0.0004088856
b3829,0.03695859
b3941,0.001195417
b2114,0.0008912812
b4019,0.0007749148
b0198,0.0001275961
b3938,0.0001107665
b2942,0.001810436
b3940,0.000464307
b0199,0.0005531052
b0197,0.004240463
b3828,9.497771e-05
b1114,0.000270023
b2149,0.0004660807
b2150,0.003363043
b2148,0.0001769756
b1826,0.0
b0963,0.0002020792
b4242,3.215636e-05
b4702,0.0
b0347,0.0
b0348,0.0
b0349,0.0
b0350,1.537894e-05
b0352,0.0
b0351,0.0
b0346,0.000205344
b0353,0.0
b4171,4.103532e-05
b0661,0.0003920497
b1176,5.285004e-05
b1175,0.0005882049
b1174,0.0001837375
b3742,0.0001453162
b1782,0.000627428
b2346,9.01568e-05
b3191,2.936307e-05
b3192,0.0002803836
b3193,7.897653e-05
b3194,0.0
b3195,6.504605e-05
b1594,0.0001346478
b1639,0.0
b2127,0.0
b2813,6.274557e-05
b2701,0.0
b2963,4.378087e-05
b0211,0.0
b2558,0.0
b1097,0.0
b0261,8.417561e-05
b0260,4.620681e-05
b1448,4.591227e-05
b0731,0.0
b0732,0.0
b0730,0.0
b1133,0.0001472503
b2324,0.0
b3706,5.516657e-05
b3741,0.0002527217
b2392,0.0
b1821,0.0
b0817,2.676757e-05
b4705,0.0
b0781,0.0
b0782,0.0001637127
b0783,6.566638e-05
b0784,3.18355e-05
b0785,4.871766e-05
b3857,0.0
b3856,0.0
b2877,0.0
b0763,0.0002871148
b0764,0.0
b0765,3.36921e-05
b0761,3.939499e-05
b0760,0.0001636337
b0827,0.000124544
b0826,2.500332e-05
b0009,7.353642e-05
b1420,0.0
b0018,0.0
b2115,0.0
b2116,0.0
b2117,0.0
b1890,0.000104018
b1889,0.0002887224
b1326,0.0
b4233,0.0001679639
b1329,0.0001140295
b2684,0.0001703015
b2210,0.0
b3021,0.0
b3022,0.0
b0087,5.87445e-05
b0081,1.657448e-05
b3396,8.905134e-05
b0149,0.0001189627
b0635,3.740139e-05
b0634,0.0
b3251,0.0005936471
b3250,5.384904e-05
b3249,0.0
b2113,0.0003165558
b4351,7.258487e-05
b0914,0.0001200478
b0465,9.15061e-05
b3291,9.385869e-05
b4159,6.727025e-05
b2924,6.534142e-05
b4219,5.659951e-05
b1778,0.0002758182
b1832,0.0001201092
b1971,0.0
b1972,0.0
b1051,0.0001465289
b1976,0.0002753593
b3208,0.0
b3599,0.0001361804
b3600,9.314693e-05
b3601,0.0
b0159,0.0003060346
b3161,0.0
b3068,7.733449e-05
b0924,0.0005115552
b0923,6.679211e-05
b0922,8.856953e-05
b3189,0.0003845892
b3972,6.043635e-05
b0091,0.0001509947
b0088,0.0001581345
b0085,0.0001705976
b0086,0.000137842
b0090,6.10456e-05
b3967,4.510353e-05
b1069,0.0
b2429,2.662366e-05
b2428,0.0
b2427,0.0
b2831,0.0
b4170,3.561687e-05
b3635,0.0
b2733,0.0002032543
b0099,0.0
b2961,0.0
b3096,0.0
b1988,0.0
b0750,0.0002668483
b2574,0.0001129427
b0109,0.0001249914
b0639,0.0
b1740,0.0002413715
b2615,3.065022e-05
b4390,9.411694e-05
b0677,0.0001273054
b0678,0.000165399
b0676,9.255457e-05
b0679,0.0003129902
b1119,4.291012e-05
b1107,7.936511e-05
b3225,7.155058e-05
b4311,0.0
b3223,5.268231e-05
b3222,1.084589e-05
b4310,4.947903e-05
b3226,6.385381e-05
b4309,0.0
b3224,8.360631e-05
b2206,0.0
b2203,0.0
b2202,0.0
b2207,0.0
b2208,0.0
b2205,0.0
b2204,0.0
b1224,1.208531e-05
b1225,0.0
b1227,0.0
b1226,0.0
b1223,0.0
b1221,0.0001388256
b2193,6.266981e-05
b2469,0.0
b1469,0.0
b1465,0.0
b1466,0.0
b1222,0.0
b1467,0.0
b1468,2.154365e-05
b1109,0.0001947891
b2518,0.003610885
b0714,0.0
b1650,6.058556e-05
b1649,0.0
b3662,0.0
b3998,3.055908e-05
b2159,0.0001074271
b0568,1.490713e-05
b0569,0.0
b0851,0.0001154266
b0578,0.0003257131
b3414,0.000873755
b0019,0.0
b1186,7.440562999999999e-05
b0020,0.0
b1463,0.0
b3476,0.0
b3477,0.0
b3478,0.0
b3479,0.0
b3480,0.0
b3481,4.405974e-05
b1790,0.0
b1791,0.0
b0548,0.0
b3365,0.0
b3367,0.0
b3366,0.0
b3661,0.0002825644
b1708,0.0
b2742,0.0001737215
b0192,4.204038e-05
b3163,4.772307e-05
b0553,0.02590695
b1548,0.0
b0560,0.0
b2709,0.0
b2710,0.0
b2711,0.0
b3206,0.0
b2234,0.0006428944
b2235,0.0002866533
b4238,2.632727e-05
b2675,2.302405e-05
b2676,9.465436e-05
b4237,0.0
b2673,0.0001114608
b2674,0.0
b0413,4.707581e-05
b4070,0.0
b4071,0.0
b4072,0.0
b4073,0.0
b4074,0.0
b4075,0.0
b4076,0.0
b4178,1.99612e-05
b1633,2.515716e-05
b1865,0.0
b3996,3.477494e-05
b3397,8.479638e-05
b3034,4.571829e-05
b1759,0.0
b2251,0.0
b1134,0.0
b2467,0.0
b1813,0.0
b2288,0.0001711707
b2287,0.0003571617
b2286,0.0008392902
b2285,0.0002595212
b2284,0.0004848819
b2283,0.001005464
b2282,0.0002344689
b2281,0.0001635834
b2280,9.393796e-05
b2279,0.0
b2278,0.0003436999
b2277,0.000320406
b2276,0.0003407989
b2393,0.0001219682
b2964,1.221153e-05
b2161,0.0
b3169,0.000931036
b0416,0.0001367141
b3982,0.0005486318
b3183,0.0001748089
b2082,0.0
b1335,0.0
b0957,0.006948972
b2215,0.0007472791
b0929,0.01843527
b1319,0.0
b3875,0.0
b1377,3.000883e-08
b3405,0.0002930207
b0565,0.003515656
b1256,4.312707e-05
b0814,0.0005947832
b4359,9.665901e-05
b1047,0.0
b1424,0.0002296266
b0815,0.0
b1048,0.0004736507
b1049,0.0002061685
b1243,0.002015384
b1244,7.536768e-05
b1245,5.109114e-05
b1246,0.000205805
b1247,0.0001334854
b4162,9.323162e-05
b1445,0.0
b1283,0.0
b1482,0.0001169643
b1739,0.0001623633
b2131,3.108209e-05
b4376,2.982878e-05
b1896,6.875899e-05
b1897,0.0
b2373,0.0
b3961,0.0002192271
b1388,0.0
b1389,0.0
b1390,0.0
b1391,0.0
b1392,0.0
b1393,0.0
b1394,0.0
b1395,0.0
b1396,0.0
b1397,0.0
b1398,5.276813e-05
b1399,4.807862e-05
b1400,1.244594e-05
b1387,0.0
b3360,1.053543e-05
b1812,3.393365e-05
b1096,1.618311e-05
b0622,0.0
b0741,0.002123091
b0134,0.0004501182
b0133,0.000399926
b0131,0.0002627877
b0425,0.0
b3258,0.0
b3459,1.160341e-05
b0286,0.0
b0285,0.0
b0284,0.0
b0283,0.0
b3019,0.0002012244
b3030,0.0002463519
b3073,0.0
b1444,0.0002023933
b2584,0.0
b2854,0.0
b2519,0.0
b2134,6.109933e-05
b3403,0.00193367
b2743,2.952382e-05
b0143,0.0001713065
b2395,0.0
b0457,0.0
b4061,0.0
b1815,0.0
b2503,0.0
b1168,0.0005636406
b3525,0.0001011391
b0833,0.0
b3529,2.094934e-05
b0315,0.0
b2176,0.0
b1285,0.0
b0113,0.0
b0052,2.598854e-05
b2320,0.0002161347
b1638,8.5981e-05
b2564,0.0001574154
b2418,0.000119106
b1636,5.603049e-05
b4260,0.0005044115
b2523,0.000823436
b0237,0.000686203
b4021,7.532026e-05
b0932,0.001186781
b2908,0.0003182568
b3847,0.0004933849
b1127,7.312104e-05
b0254,0.0
b3916,0.0006369841
b1723,3.425514e-05
b0902,9.097707e-05
b0903,0.004053655
b3952,0.0
b3951,0.0
b1024,0.0
b1023,0.0
b1022,0.0
b1021,0.0
b4025,0.0007154002
b2926,0.002795231
b0767,0.0002840491
b0688,0.0005571401
b0418,0.0
b1278,0.0
b2560,0.0
b1328,0.0
b1912,9.092666e-05
b2599,0.000261729
b2598,0.0
b1715,0.0
b0576,5.674019e-05
b1714,0.0004409779
b1713,0.001287995
b4106,0.0
b4105,0.0
b4104,0.0
b4103,0.0
b4102,1.699797e-07
b4101,0.0
b4100,0.0
b4099,0.0
b4098,0.0
b4097,0.0
b4096,0.0
b4095,0.0
b4094,0.0
b4093,0.0
b4092,0.0
b0383,0.0
b0399,3.263983e-05
b0241,4.943189e-06
b1020,0.0
b1130,0.000249187
b1129,3.073928e-05
b0400,0.0
b3724,0.0001397969
b3379,0.0
b0708,0.0
b1158,0.0
b2648,0.0
b1545,0.0
b1374,0.0
b3493,0.0001155833
b2987,0.0
b2014,0.0005624279
b3821,5.778907e-05
b3825,0.0
b1178,0.0002621856
b4041,0.0003935996
b3018,4.333418e-05
b1090,2.916793e-05
b4235,0.0001659919
b2259,2.064753e-05
b4703,0.0
b1768,0.0
b0931,0.0002182853
b2700,6.499043e-05
b3164,0.0020062
b1603,0.001741482
b1602,0.0006576561
b0751,0.0
b3863,0.0003515068
b0060,0.0
b1126,0.0001024901
b1125,0.0
b1124,2.421611e-05
b1123,0.0006502903
b0692,0.0
b0854,0.0005180505
b0855,0.0001530224
b0856,4.002233e-05
b0857,0.0
b0871,5.361625e-05
b4226,0.00154163
b3956,0.001346183
b2826,0.0
b2825,0.0
b2823,0.0
b0108,0.0
b1838,0.0
b2734,0.0
b3363,0.000188542
b0525,0.0008851684
b3775,0.0001090511
b0441,0.0004367455
b2501,0.0001117017
b2972,0.0
b1702,0.001780918
b1703,9.576905e-05
b1461,2.915747e-05
b2502,0.000101285
b0950,0.0
b0951,4.307177e-05
b1494,5.739371e-05
b1830,0.0003734946
b2147,0.0
b2146,0.0
b1211,5.961938e-05
b2891,2.671341e-05
b4375,0.0002923575
b0236,0.0
b3935,4.406567e-05
b4201,0.0
b0467,1.952718e-05
b3355,5.783685e-05
b3498,0.0006438681
b3129,2.864253e-05
b3259,0.0001214217
b2330,0.0001709825
b1212,0.0
b0243,0.0003002475
b0242,0.0001701674
b0386,0.0002518106
b4111,0.0001046949
b1831,0.0004502645
b0194,0.0009131296
b2677,0.0
b2678,0.0
b2679,0.0
b0402,0.0
b0331,9.628359e-05
b0333,0.0001210075
b0334,0.0001488871
b0335,0.0
b0330,0.0
b1207,0.001080589
b4160,0.0001469777
b4030,0.0
b0384,0.0
b1304,0.0001808397
b1305,1.885606e-05
b1306,9.602371e-06
b1307,0.0
b1308,8.899418e-05
b1303,0.0
b4050,0.0
b2585,0.0002432891
b3726,0.0
b3725,0.0001287614
b3727,0.0
b3728,0.000256105
b2165,3.341371e-05
b2166,0.0
b2164,0.0
b2297,0.0009262349
b1204,5.89728e-05
b2821,0.0001778011
b1845,0.0
b3947,0.0
b1101,6.064307e-05
b2415,0.0003703651
b2416,0.002116115
b3204,0.0001043105
b2829,0.0001088145
b4177,0.001196656
b1131,0.0007053812
b2476,0.001056299
b4005,0.0003577209
b0523,0.0001032549
b2312,0.0007450639
b4006,0.0007447211
b0522,0.0001612946
b2557,0.001439764
b2499,0.0007274971
b2500,5.884708e-05
b1658,0.0004029042
b1849,0.0004099799
b1232,0.000283542
b1014,0.0001285777
b1015,0.0003647498
b1297,0.0
b1301,0.0
b1300,0.0
b1298,5.903345e-05
b1302,0.0
b1296,0.0
b1299,3.118582e-05
b1854,0.001143571
b1676,0.0008428983
b4245,0.0002503299
b1062,0.0003705114
b0945,0.0001536643
b3642,4.562076e-05
b1281,0.0001453382
b2780,0.0007398662
b0171,0.0002822419
b4244,0.0001317417
b4246,0.0
b0489,0.0
b4051,0.000117229
b4211,0.0
b3025,2.593853e-05
b3026,0.0
b0405,4.939113e-05
b0444,7.286921e-05
b2765,2.523489e-05
b2777,3.063096e-05
b2794,9.685201e-05
b4166,0.0
b1351,0.0
b1356,4.282558e-05
b4389,7.29848e-05
b2184,0.0
b2597,0.0004613912
b1348,0.0
b0059,0.000105441
b3205,0.0002070038
b0892,3.696277e-05
b3819,0.0
b2619,3.888279e-05
b2618,2.66369e-05
b3746,3.16346e-05
b0228,0.0
b3486,7.428377e-05
b3167,0.0001239093
b2268,2.443049e-05
b3749,0.0003482104
b3751,0.006888018
b3750,0.000598575
b3748,0.0002947839
b3752,0.0003414131
b3753,0.0
b0846,0.0
b0304,0.0
b0303,0.0
b0301,0.0
b0305,0.0
b2106,0.0
b2107,4.670949e-05
b2105,4.710698e-05
b1951,0.0
b2217,0.0004612514
b2218,6.41799e-05
b2216,0.0001003862
b0196,0.0001240066
b2954,7.42449e-05
b0393,0.000141354
b3859,3.31361e-05
b2699,0.0009059865
b2820,0.0
b2822,0.0
b2819,0.0
b1350,0.0
b3700,0.0
b3652,2.27278e-05
b2892,6.937861e-05
b2616,0.0
b2565,0.0
b3822,0.0
b0472,3.664908e-05
b1349,0.0
b2698,0.0
b2784,0.0001546738
b1564,0.0001315553
b1563,9.222046e-06
b1561,0.0
b0542,0.0
b3778,5.442752e-05
b3619,0.0003521067
b3052,0.0002620216
b3842,1.685034e-05
b2039,0.0
b2041,0.0
b2038,0.0
b2040,0.0
b2037,0.0
b3784,0.0
b3790,0.0
b3788,4.099951e-05
b3789,2.767596e-05
b3794,7.835915e-06
b4481,2.355728e-05
b3903,0.0
b3904,0.0
b3902,0.0
b3901,0.0
b3906,0.0
b3905,0.0
b3907,0.0
b3780,0.0002934776
b0797,0.0
b3783,0.0009020088
b3782,0.0
b3593,0.0
b3482,0.0
b0700,0.0
b0497,0.0
b1456,0.0
b0813,1.109334e-05
b3824,0.0
b3823,0.0
b1277,0.0
b3041,0.0001111822
b1662,0.0001415623
b0414,8.422324e-05
b0415,0.0002963027
b0025,7.174774e-05
b4243,0.0005805846
b0651,0.0001448403
b2162,0.0
b0030,1.863286e-05
b4373,0.0
b1066,3.507495e-05
b0852,0.0
b1427,0.0
b2608,0.0001599124
b0835,0.0001577217
b3170,0.0002008504
b1822,4.444083e-05
b4180,9.939486e-05
b0859,0.0
b2785,0.0
b3179,6.223057e-05
b0807,0.0
b3084,2.496151e-05
b0636,2.446199e-05
b0967,0.0001189603
b3499,5.38347e-05
b0948,0.0001680606
b2806,0.0001128129
b2517,0.0001673635
b0633,0.0001340941
b0058,0.0
b1269,0.0001350139
b1086,7.401976e-05
b2594,0.0001164994
b1135,0.0
b4022,5.690929e-05
b0953,0.0
b3832,8.773332e-06
b0611,6.316958e-05
b1286,0.0007120711
b2567,0.0001109936
b1804,2.487781e-05
b1084,0.00087062
b3247,0.0001430146
b0214,0.0
b0183,2.887724e-05
b0610,0.0001994248
b2630,0.0
b2631,0.0
b3704,2.371843e-05
b4179,0.0003467406
b1652,5.159025e-05
b4396,0.0001047975
b2516,0.0001225062
b0189,6.368636e-05
b1128,0.0001862779
b3386,0.0002506199
b3643,0.0002911699
b2914,0.0003009299
b4090,1.602286e-05
b4089,0.002091143
b3984,0.003726437
b3317,0.003052272
b3320,0.002802322
b3319,0.002943743
b3308,0.002552397
b3305,0.00229929
b4203,0.002016381
b3985,0.002896874
b3983,0.002314335
b3986,0.005779772
b3231,0.002383312
b3310,0.001835754
b3301,0.001717645
b3313,0.002064999
b3294,0.002326466
b3304,0.001414539
b2606,0.002192477
b1716,0.002039906
b3186,0.001611331
b3315,0.001573271
b3318,0.001730086
b3309,0.001178522
b2185,0.001395867
b3185,0.00158153
b3637,0.002411096
b3312,0.0006519088
b3302,0.0006660349
b3936,0.0009538394
b1089,0.002248083
b3636,0.001236683
b3703,0.001483383
b1717,0.0
b3299,0.0
b3295,0.002646206
b3987,0.004654175
b3988,0.004530229
b3067,0.001136067
b2573,3.715037e-05
b3461,0.0
b3202,0.0001331568
b2741,1.436728e-05
b3649,0.0005325693
b2830,0.0
b0911,0.008135463
b0169,0.004353209
b3314,0.003727897
b3296,0.004385005
b3303,0.002038111
b4200,0.002422992
b3341,0.004154968
b3306,0.001298087
b3230,0.002136496
b3321,0.001648442
b3297,0.001851151
b3342,0.004908094
b3298,0.001583539
b3307,0.001282933
b3165,0.001939624
b2609,0.001552582
b3311,0.001808247
b4202,0.001536584
b3316,0.001390795
b0023,0.002281891
b3065,0.002575436
b3929,0.0002190571
b4255,0.0002152761
b0555,0.0
b1554,0.0
b3995,0.0002387689
b2572,0.0002932953
b2571,9.191495e-05
b2570,0.0
b0176,5.900937e-05
b0637,6.517787e-05
b4161,0.0001069122
b0051,9.229656e-05
b3289,6.529267e-05
b4371,0.0001022869
b3465,2.596642e-05
b2946,5.499496e-05
b1835,4.19508e-05
b3740,3.70294e-05
b0082,9.902793e-05
b3146,6.095672e-05
b3497,2.320837e-05
b1581,0.000121156
b1580,1.396653e-05
b1234,0.0
b1235,1.516666e-05
b1608,9.25972e-05
b1609,0.0
b2183,8.079185e-05
b1627,0.0
b1628,8.968516e-06
b1629,0.0001041055
b1630,0.0
b1632,0.0
b1631,2.904848e-05
b4475,0.0
b3421,0.0
b3422,0.0
b0550,0.0
b1012,0.0
b1011,0.0
b1010,0.0
b1009,0.0
b1008,0.0
b1007,0.0
b1006,0.0
b1013,1.317668e-05
b1861,4.633978e-05
b1860,6.682833e-05
b1863,0.0
b4510,0.0
b4528,0.0
b0556,0.0
b1362,0.0
b1525,5.069933e-05
b1500,0.0
b2144,0.0
b1294,4.536853e-05
b1293,0.0
b1292,0.0
b1291,5.745096e-05
b1290,2.078034e-05
b0010,0.0
b2011,6.638953e-05
b0397,3.184082e-05
b0398,0.0
b0377,3.1042e-05
b2009,0.0
b3917,0.0001328384
b2917,0.0
b2919,0.0
b2920,0.0
b1814,4.234253e-05
b2797,1.867548e-05
b2796,7.588084e-05
b0723,0.002648112
b0724,0.001254664
b0721,0.0006739374
b0722,0.0003338986
b2897,0.0
b1916,0.0
b0098,0.0008046982
b3609,0.00100574
b0408,0.0003673186
b3981,0.0
b0409,0.000198633
b3175,0.0002244623
b0097,0.0
b3300,0.000602995
b3591,7.308748e-05
b3590,0.0001629945
b1764,0.0001953566
b0687,0.0001364261
b2913,0.001922561
b4388,0.0001136523
b0907,0.001387388
b0893,0.0006985011
b0070,0.0
b2170,0.0
b3659,0.0
b0530,0.0
b0531,0.0
b0532,0.0
b0534,0.0
b0533,0.0
b0146,2.750787e-05
b3188,0.0
b3583,0.0
b3581,0.0
b3582,0.0
b4302,0.0
b4565,0.0
b4304,0.0
b4301,0.0
b4303,0.0
b4300,0.0
b4305,0.0
b0069,0.0
b4662,0.0
b1981,3.867212e-05
b4687,0.0
b1353,0.0
b2340,0.0001104626
b0178,0.001113111
b3641,0.000101346
b3506,0.0008810239
b4392,8.171234e-05
b1642,0.0001041312
b1641,0.0008469469
b3349,0.001121368
b3348,2.849233e-05
b4473,0.0
b3284,0.0
b2620,0.0001373306
b1340,0.0
b2331,0.0
b3908,0.003030323
b1656,0.001096496
b1646,0.0
b1272,0.0001166534
b1059,0.0002796503
b4063,0.0
b4062,0.0
b2938,0.0009369485
b2937,0.0003345166
b2965,0.0001858123
b0120,0.0002308669
b0121,0.0002516369
b0693,0.0
b1584,0.0001012043
b3650,0.0001052593
b1766,0.0001038432
b1743,0.0001003789
b1480,0.0001132033
b2702,0.0
b2704,2.274084e-06
b2705,0.0
b2703,0.0
b2707,2.388827e-05
b2576,0.0001770497
b4059,0.0004352444
b2521,6.396732e-05
b2522,7.818713e-05
b2879,0.0
b3229,0.000522054
b3228,7.034903e-05
b3089,0.0
b0936,0.0
b0933,0.0
b0934,0.0
b0935,0.0
b0937,0.0
b1157,0.0
b1372,0.0
b3962,0.0004799437
b2669,0.0003871412
b0726,0.002961113
b0727,0.003166381
b0728,0.00486533
b0729,0.003519044
b1684,0.0
b1683,9.842536e-05
b1682,8.388478e-05
b1681,8.004418e-05
b1679,0.0
b1680,5.654277e-05
b4148,0.0
b2533,0.0002033124
b0958,0.0
b0053,0.0004387609
b1434,0.0
b0959,0.0
b2793,3.971889e-05
b4347,0.0
b4252,4.843686e-05
b2559,0.0
b3549,3.794881e-05
b2464,7.321178e-05
b0008,0.001632287
b1519,3.235064e-05
b4220,4.019938e-05
b4221,4.376243e-05
b1885,0.00104485
b1886,5.332043e-05
b2834,0.0001637734
b3836,0.0002105004
b3838,4.678622e-05
b3839,5.334798e-05
b4483,1.204284e-05
b0627,5.774675e-05
b0365,4.459757e-06
b0366,0.0
b0367,0.0
b0368,0.0
b0068,4.493686e-05
b2812,3.922969e-05
b1920,0.001595225
b1918,7.618011e-05
b1917,0.0001332652
b1729,0.000467184
b3118,0.0
b3117,0.0
b3116,6.639256e-06
b3115,0.0
b3114,1.373465e-05
b3113,1.060068e-06
b4471,1.62695e-06
b3119,0.0
b3616,6.14346e-05
b1238,7.341352e-05
b1429,0.0
b1430,6.698701e-05
b0494,4.211734e-05
b0452,5.9306e-05
b0561,0.0
b1156,0.0
b1546,0.0
b1373,0.0
b0563,0.0
b0406,0.0002188333
b3994,0.0
b2103,0.0
b3993,0.0
b3992,0.0
b3991,0.0
b3990,0.0
b0423,0.00013483
b1106,0.0
b0417,4.10823e-05
b2104,2.25064e-05
b0067,0.0
b0066,0.0
b4407,0.0
b0147,0.0
b0002,0.002320941
b0003,0.0005284013
b0004,0.001362137
b0001,0.0
b1719,0.001484076
b2827,0.0001596555
b0436,0.004251866
b0188,0.0
b4618,0.0
b2935,0.003067833
b2465,0.0006581138
b3244,0.0001102293
b2474,0.0
b1098,3.144785e-05
b3708,2.602781e-05
b3709,0.0
b3707,0.0
b0739,6.161388e-05
b0740,0.0007541469
b3035,0.001059165
b0737,8.437289e-05
b0738,3.083992e-05
b0461,0.0
b1252,5.519355e-05
b1274,0.0004198435
b4566,0.0
b1763,0.0
b0997,0.0
b0996,0.0
b0998,0.0
b4501,0.0
b0995,0.0
b0993,0.0
b0994,0.0
b1873,0.0
b1872,0.0
b3919,0.0009290708
b1229,0.0
b1324,0.003596146
b1601,0.0
b1197,3.663821e-05
b4240,1.828419e-05
b4239,2.239503e-05
b3519,0.0
b4241,4.406213e-05
b1421,0.001357051
b3290,4.624271e-05
b1363,0.0
b3849,0.0
b3965,7.549056e-05
b2607,6.658364e-05
b3651,3.312051e-05
b2960,0.0001161774
b2532,7.638839e-05
b3606,0.0
b0195,0.0
b1260,0.0004996171
b1261,0.0007008817
b1262,0.0002778863
b1263,0.0002861195
b1264,0.0004476297
b1265,0.0
b4393,4.874936e-05
b3384,0.0006209224
b2318,2.654101e-05
b3166,7.342333e-05
b2791,0.0
b2745,6.795372e-05
b3781,0.0008387278
b0888,0.0008250262
b2582,9.067758e-05
b1807,7.334981e-05
b3282,5.953577e-05
b3064,0.0001179488
b4168,2.769518e-05
b0170,0.003334701
b3364,0.0
b4355,0.004795701
b0411,0.0006365599
b1344,0.0001628332
b3061,0.0
b3062,0.0
b3060,0.0
b3063,0.0
b3339,0.01954744
b3980,0.01957154
b1610,1.930336e-05
b3470,1.891924e-05
b3343,8.414521e-06
b3344,1.081461e-05
b3345,0.0
b0969,2.966078e-05
b1386,0.0
b2600,0.0002064099
b4054,0.0005683855
b1907,0.0
b1323,0.0001405093
b1637,0.000611436
b2888,0.0
b4040,0.0
b3835,4.287171e-05
b4039,3.045437e-05
b3843,0.0001409548
b3833,0.0002278082
b0662,5.577475e-05
b2232,0.0001439056
b2907,3.681879e-05
b2906,6.592483e-05
b3834,8.352389e-05
b2311,0.0
b2426,0.000107212
b2066,6.690299e-05
b3831,0.000367238
b2028,0.0
b3452,0.0001573225
b3453,0.0001187741
b3450,4.821342e-05
b3451,0.0
b3449,4.008962e-05
b3669,3.780161e-05
b3668,0.0
b3667,0.0
b3666,0.0
b1617,7.081969e-05
b1616,0.0
b1615,0.0
b1618,4.669988e-06
b4193,0.0
b4194,0.0
b4195,0.0
b4196,1.962886e-05
b4197,0.0
b4198,0.0
b4192,0.0
b4191,2.688513e-05
b2744,3.173921e-05
b0675,0.0001661445
b1184,0.0
b1183,0.0
b2580,9.776179e-05
b4637,0.0
b2498,0.0004327996
b2497,0.0
b2319,0.0001457976
b0480,0.0001527295
b3495,0.001456562
b3494,0.0
b1895,0.0
b3923,2.084259e-05
b1333,0.0002104976
b1376,0.0001658548
b0607,2.796726e-05
b0949,0.0001166603
b4058,0.0001254652
b0779,7.917974e-05
b1913,5.72509e-05
b3813,8.577229e-05
b1914,6.463257e-05
b3091,1.492158e-05
b1521,6.578009e-05
b3092,0.0001333541
b4322,0.0001464482
b4323,0.0001563097
b4324,0.0
b4258,0.001154794
b1742,0.0
b3745,0.0
b1960,0.0
b3633,4.584318e-05
b3628,3.657591e-05
b3621,3.46689e-05
b3620,3.934874e-05
b3631,2.812504e-05
b3615,0.0
b3626,3.290221e-05
b3622,6.19204e-05
b3627,4.261492e-05
b3630,2.605159e-05
b3632,3.458556e-05
b3629,2.409147e-05
b3623,4.359678e-05
b3625,2.600203e-05
b3624,0.0
b2035,0.0
b2034,0.0
b2033,0.0
b2032,0.0
b2031,0.0
b2059,0.0
b2058,0.0
b2057,0.0
b2056,0.0
b2055,0.0
b2054,0.0
b2050,0.0
b2047,0.0
b2045,0.0
b2044,0.0
b2043,0.0
b3786,5.377e-05
b3787,6.287628e-05
b3791,8.42598e-05
b3561,0.0
b1004,0.0001246012
b2062,0.0
b2061,0.0
b2060,0.0
b2046,0.0
b3792,0.0
b3793,0.0
b2027,0.0002819639
b3785,5.53176e-05
b3654,0.0
b2882,0.0
b2407,0.0
b2406,0.0
b2405,0.0
b2866,0.0
b2867,3.05423e-05
b2868,0.0
b2881,0.0
b3811,0.0
b2894,0.0
b1141,0.0
b1346,0.0
b2509,6.983965e-05
b0422,2.767641e-05
b1749,0.0002122503
b3565,0.0
b3564,2.051244e-05
b4031,0.0
b3566,0.0001114278
b3567,0.0
b3568,0.0
b3569,0.0
b0006,8.028912e-05
b0013,0.0
b0007,0.0
b0045,0.0
b0011,0.0
b0005,0.0
b0024,0.0
b0065,0.0
b0056,0.0
b0057,0.0
b0122,1.866214e-05
b0101,0.0
b0117,0.0
b0119,3.018086e-05
b0135,0.0
b0132,0.0
b0130,0.0
b0127,6.721883e-05
b0128,0.0
b0129,0.0
b0136,0.0
b0137,0.0
b0138,0.0
b0141,0.0
b0157,0.0
b0140,0.0
b0193,0.0
b0163,0.0001998537
b0164,0.0
b4406,2.823092e-05
b0190,1.939037e-05
b0187,0.0
b0208,4.33759e-05
b0209,0.0
b0210,0.0
b4503,0.0
b0223,5.025755e-05
b0224,0.0001940382
b0227,0.0
b0232,0.0
b0233,0.0
b0234,0.0
b0225,0.0
b0213,0.0
b0217,0.0
b0218,0.0
b0219,2.150336e-05
b0246,0.0
b0248,0.0
b0251,0.0
b0252,0.0
b0267,0.0
b0266,0.0
b0268,0.0
b0269,0.0
b0270,0.0
b0271,0.0
b0272,0.0
b0276,0.0
b0277,0.0
b0278,0.0
b0279,0.0
b0280,0.0
b0282,0.0
b0287,0.0
b0316,0.0
b0317,0.0
b0318,0.0
b0319,0.0
b0320,0.0
b0321,0.0
b0322,0.0
b0323,0.0
b0324,2.680282e-05
b0325,0.000142329
b0326,0.0
b0327,0.0
b0328,0.0
b0329,3.69802e-05
b0389,2.092827e-05
b0391,0.0001467983
b0362,0.0
b0387,9.579467e-06
b0354,6.036645e-05
b0358,0.0
b0363,0.0
b0364,0.0
b0371,0.0
b0374,0.0
b0375,0.0
b0378,4.089007e-05
b0359,0.0
b0379,0.0
b0380,0.0
b0407,0.001213587
b0410,0.0
b0434,0.0004173605
b0412,0.0001360611
b0424,4.220511e-05
b0419,0.0001209365
b0426,0.0003760511
b0427,0.0
b0456,0.0
b0471,0.0004150026
b0445,0.0
b0481,4.7653e-05
b0478,4.050144e-05
b0466,0.0
b0468,0.0
b0482,0.0
b0483,2.972568e-05
b0485,0.0
b0486,0.0
b0442,0.0
b0453,7.676365e-05
b0495,1.907687e-05
b0498,0.0
b0500,0.0
b0488,0.0
b0492,0.0003937316
b0493,3.252505e-05
b0496,0.0
b0511,0.0
b0513,0.0
b0539,0.0
b4508,0.0
b0521,0.0
b0567,0.0
b0527,0.0
b0528,6.044785e-05
b0544,0.0
b0545,0.0
b0546,0.0
b0547,0.0
b0549,0.0
b0551,0.0
b0558,0.0
b0559,0.0
b0562,0.0
b4512,1.347372e-05
b0579,0.0
b0577,0.0
b0599,0.0002535496
b0580,0.0
b0581,0.0
b0600,0.0001231091
b0601,0.0
b0602,0.0
b0603,0.0
b0608,0.0
b4511,0.0
b0631,0.0001698537
b0629,0.0
b0643,0.0001380506
b0625,0.0
b0626,0.0
b0644,0.0
b0645,0.0
b0647,0.0
b0648,0.0
b0658,0.0001346676
b0659,4.612881e-05
b0660,0.0002077641
b0699,0.0
b0702,0.0
b0704,0.0
b0706,0.0
b0685,9.493761e-06
b0686,5.228878e-05
b0690,0.0
b0691,0.0
b4590,0.0
b0705,0.0
b0682,0.0
b0703,0.0
b0689,0.0
b4514,0.0
b0707,0.0
b0736,0.0
b0719,0.0
b0735,0.0
b0710,0.0002270455
b0711,5.053637e-05
b0712,7.658784e-05
b0713,2.925926e-05
b0716,0.0
b0717,0.0
b0718,0.0
b0753,0.0
b0766,8.925971e-05
b0773,5.385276e-05
b0772,0.0003591738
b0768,0.0
b0794,7.434858e-06
b0795,2.843614e-05
b0769,0.0
b0770,0.0
b0771,0.0
b0780,2.665143e-05
b0786,6.520311e-05
b0787,0.0
b0788,0.0
b0790,0.0
b0791,0.0
b0792,0.0
b0793,0.0
b0798,0.0
b0800,0.0001270591
b0801,0.0003565373
b0796,7.131534e-06
b0803,0.0
b0802,0.0
b0808,0.0
b0818,0.0
b0820,0.0002822845
b0821,2.659611e-05
b0822,4.703411e-05
b0823,0.0
b0804,0.0
b0824,0.0
b0850,0.0
b0876,0.0
b0841,0.0
b0843,0.0
b0844,3.780348e-05
b0845,0.0
b0847,0.0
b0848,0.0
b0853,7.163232e-05
b0858,0.0
b0865,0.0001032547
b0866,7.315111e-05
b0868,4.338372e-05
b0869,0.0
b0877,0.0001363486
b0897,7.785829e-05
b0898,0.0
b0913,0.0
b0901,1.58993e-05
b0909,0.0
b0899,0.0
b0900,0.0
b0905,0.0001850007
b0906,0.0
b0916,0.0
b0917,0.0001853665
b0944,0.0
b0919,0.0
b0926,0.0
b0942,0.0
b0943,0.0
b0947,8.969638e-05
b0955,9.41453e-05
b0970,0.0005308384
b1001,0.0
b0961,1.649637e-05
b1003,5.463019e-05
b0992,0.0
b0960,0.0
b0964,0.0
b0965,7.110745e-05
b0968,1.457983e-05
b1029,0.0
b1034,6.949318e-05
b1035,0.000158703
b1036,0.0
b1055,0.0005770194
b1063,1.863011e-05
b1088,0.0001201622
b1087,6.946191e-05
b1067,9.552973e-05
b1056,0.0002478389
b1057,0.0
b1050,0.0
b1068,3.807226e-05
b1058,0.0
b1085,0.0
b1100,5.168621e-05
b1110,0.0
b1154,0.0
b1104,0.0
b1108,0.0001474014
b1115,0.0
b1121,0.0
b1188,0.0
b1169,0.0
b1170,0.0
b1173,0.0
b1177,0.0
b1179,5.911818e-05
b1180,9.315656e-05
b1181,0.0
b1194,3.914009e-06
b1202,0.0
b1161,0.0
b1196,0.0
b1164,0.0
b1214,0.0
b1242,0.0
b3217,0.0
b1203,0.0004888937
b1240,0.0
b1239,0.0
b1205,0.0
b1233,0.0
b1219,0.0001848242
b1220,0.0
b1213,0.0
b1228,0.0
b1253,2.697567e-05
b1254,0.0
b1255,4.825345e-05
b1257,0.0
b1258,0.0
b1259,0.0
b1282,3.725412e-05
b1251,0.0001638752
b1271,9.681598e-05
b1273,3.815588e-05
b1267,7.584304e-05
b1268,0.0
b1284,0.0001693789
b1248,3.023938e-05
b1266,0.0
b1287,0.0001787196
b4523,0.0
b4595,0.0
b4596,1.2904949999999999e-05
b1289,0.0
b1322,4.432733e-05
b1325,3.502151e-05
b1309,0.0
b1310,0.0
b1311,0.0
b1312,0.0
b1313,0.0
b1314,0.0
b1315,0.0
b1316,0.0
b1317,0.0
b1318,0.0
b1320,2.063864e-05
b1321,4.819666e-05
b1327,0.0
b1347,0.0
b4526,0.0
b4527,0.0
b1355,0.0
b1342,0.0
b1357,0.0
b1358,0.0
b1359,0.0
b1360,0.0
b1361,0.0
b1366,0.0
b1401,0.0
b1405,0.0
b1406,6.146142e-05
b1407,0.0
b1381,0.0
b4529,0.0
b1378,0.0001712338
b1383,0.0
b1419,0.0
b1460,0.0
b1457,0.0
b1414,0.0001000773
b1426,0.0
b1422,0.0001663666
b1423,0.0
b1428,0.0
b1431,0.0001159745
b1432,0.0
b1433,0.0
b1435,8.223194e-05
b1439,0.0
b1440,4.526913e-05
b1441,0.0
b1442,0.0
b1443,0.0
b1446,4.458084e-05
b1447,0.0
b1496,0.0
b1495,2.709062e-05
b1464,0.0
b1473,0.0
b1462,0.0
b1470,0.0
b1471,0.0
b1472,0.0
b1477,0.0
b1491,0.0
b1528,0.0
b1534,0.0
b1536,0.0
b1537,3.150795e-06
b1510,0.0
b1497,0.0
b1498,5.362292e-05
b1499,0.0
b1501,0.0
b1502,0.0
b1503,0.0
b1504,0.0
b1505,0.0
b1509,0.0
b1571,0.0
b1572,0.0
b1573,0.0
b1576,0.0
b1577,0.0
b1539,0.0005795378
b1540,4.086031e-05
b1542,2.918629e-05
b1543,0.0
b1544,0.0
b1547,0.0
b1549,0.0
b1555,0.0
b1559,0.0
b1560,0.0
b1565,0.0
b1567,0.0
b1568,0.0
b1541,3.921571e-06
b1614,0.0001693241
b1607,0.0
b1598,0.0
b1604,0.0006527489
b1605,0.0
b1624,0.0001306735
b1626,0.0
b4601,0.0
b1659,0.0
b1660,0.0
b1647,0.0001289407
b1643,0.0
b1644,0.0
b1645,0.0
b1648,0.0
b1657,0.0
b1664,9.981433e-05
b1667,0.000166207
b1668,0.0
b1669,0.0
b1670,0.0
b1673,0.0
b1672,0.0
b1671,0.0
b1674,0.0
b1675,9.170878e-06
b1692,0.0
b1705,0.0
b1694,0.0
b1685,0.0
b1687,0.0006398554
b1688,0.0
b1689,0.0
b1690,0.0
b1691,0.0
b1695,0.0
b1696,0.0
b1697,0.0
b1698,0.0
b1699,0.0
b1700,0.0
b1706,8.019219e-05
b1707,0.0
b1722,0.0
b1724,0.0
b1765,0.000126834
b1769,0.0
b1770,0.0
b1771,0.0
b1772,0.0
b1773,0.0
b1774,0.0
b1775,0.0
b1776,0.0
b1728,0.0
b1730,0.0
b1750,0.0
b1751,0.0
b1752,0.0
b1777,0.0
b1780,0.0002661596
b1781,0.0
b1783,0.000144811
b1784,0.0
b1787,4.670731e-05
b1789,0.0
b1792,3.537537e-05
b1795,0.0
b1797,0.0
b1801,0.0
b1802,0.0
b1803,0.0
b1806,3.808009e-05
b1862,0.0
b1864,0.0004332934
b1846,3.603462e-05
b1847,8.635339e-05
b1848,5.501381e-05
b1853,9.375594e-05
b1825,3.136531e-05
b1828,0.0
b1833,0.0
b1834,5.18925e-05
b1836,0.0
b1837,0.0
b1839,6.616423e-05
b1840,0.0
b1908,4.770388e-05
b1867,5.220243e-05
b1868,0.0
b1915,0.0
b1906,0.0
b4537,6.306127e-05
b1875,2.753082e-05
b1869,0.0
b1904,4.493577e-05
b1877,0.0
b1959,0.0
b1928,0.000123052
b1929,0.0004231815
b1930,0.0001255887
b1958,3.289963e-05
b1962,0.0
b1931,0.0
b1932,0.0
b1935,0.0
b1934,0.0
b1933,0.0
b1955,0.0
b1963,0.0
b1964,2.87492e-05
b1965,0.0
b1966,0.0
b1968,8.244602e-05
b1969,0.0
b1970,2.265035e-05
b2008,0.0
b2012,0.0
b2013,0.0
b1978,0.0
b1980,0.0
b1979,0.0
b1983,0.0002175039
b1985,0.0
b1999,0.0
b2001,0.0
b2002,0.0
b2003,0.0
b2006,0.0
b2007,0.0004366181
b2015,0.0
b2016,7.661462e-05
b2017,5.212399e-05
b2069,2.0693e-05
b2063,0.0
b2070,0.0
b2071,0.0
b2072,0.0
b2073,0.0
b2080,4.624708e-05
b2081,0.0001542319
b2085,0.0
b2086,0.0
b2098,0.0
b2099,0.0
b2100,0.0
b2101,0.0
b2102,0.0
b2083,0.0
b2108,0.0
b2109,0.0
b2110,0.0
b2111,0.0
b2112,0.0
b2118,0.0
b4541,0.0
b2119,0.0
b2120,0.0
b2121,0.0
b2122,0.0
b2123,0.0
b2124,0.0
b2125,0.0001170016
b2126,0.0
b2128,0.0
b2129,0.0
b2130,0.0
b2152,0.0
b2157,2.594096e-05
b2154,0.0001683807
b2158,0.0
b2160,0.0
b2163,0.0
b2171,0.0002664316
b2172,2.936509e-05
b2173,3.996508e-05
b2145,0.0
b4502,0.0
b2177,0.0
b2178,0.0
b2179,0.0
b2180,2.508513e-05
b2181,0.0
b2186,0.0001381195
b2187,7.378563e-05
b2188,5.07174e-05
b2190,0.0
b2230,0.0
b2244,0.0
b2236,0.0
b2238,0.0
b2233,0.0
b2225,0.0
b2226,0.0
b2228,0.0
b2227,0.0
b2229,0.0
b2245,0.0
b2246,0.0
b2248,0.0
b2249,7.203825e-05
b2250,0.0
b2270,0.0
b2271,0.0
b2272,0.0
b2273,0.0
b2274,0.0
b2275,0.0
b2291,1.69703e-05
b2292,0.0
b2293,6.885262e-05
b2294,0.0003144975
b2295,0.0
b2327,0.0
b2298,0.0
b2299,0.0001843582
b2300,6.284562e-05
b2301,2.502583e-05
b2302,0.0
b2304,6.557211e-05
b2305,0.0
b2322,0.0
b2325,6.327696e-05
b2332,0.0
b2333,0.0
b2334,0.0
b2335,0.0
b2336,0.0
b2337,0.0
b2338,0.0
b2339,0.0
b2343,0.0001064164
b2347,0.0
b2371,0.0
b2345,0.0
b2350,0.0
b2351,0.0001986254
b2352,0.0002405088
b2354,0.0
b2355,0.0
b2356,0.0
b2357,0.0
b2358,0.0
b2359,0.0
b2360,0.0
b2361,0.0
b2362,0.0
b2363,0.0
b2372,0.0
b2375,0.0
b2377,0.0
b2398,0.0
b2399,0.0
b2410,0.0
b2419,0.0
b2408,0.0
b2389,0.0
b2409,0.0
b2420,0.0
b2430,0.0
b2431,0.0001814538
b2432,7.098475e-05
b2433,0.0
b2471,5.030559e-05
b2443,0.0
b2444,0.0
b2445,0.0
b2446,0.0
b2447,0.0
b2448,0.0
b2449,0.0
b2450,7.905425e-05
b2495,0.0001928643
b2504,4.42535e-05
b2505,0.0
b2506,0.0
b2510,0.0
b2513,0.0001733404
b2493,0.0
b2561,0.0
b2562,0.0
b2520,0.0
b2534,0.0
b2605,0.0
b2575,3.241448e-05
b2577,0.0
b2581,0.00021903
b2593,3.077992e-05
b2602,0.0
b2586,0.0
b2583,0.0
b2603,0.0
b4461,0.0
b2623,0.0
b2625,0.0
b2626,0.0
b2629,0.0
b2632,0.0
b2633,0.0
b2634,0.0
b2636,0.0
b2637,0.0
b2638,0.0
b2642,0.0
b2643,0.0
b2644,0.0
b2645,0.0
b2671,0.0
b2683,0.0
b2672,0.0
b2668,2.237723e-05
b4462,0.0
b2667,2.356503e-06
b2680,0.0
b2681,0.0
b2682,0.0
b2732,0.0
b2749,0.0
b2735,0.0
b2736,0.0
b2737,0.0
b2738,0.0
b2739,0.0
b2740,0.0
b2776,0.0
b2778,0.0
b2766,0.0
b2767,0.0
b2768,0.0
b2769,0.0
b2770,0.0
b2771,0.0
b4463,0.0
b2774,0.0
b2824,0.0
b2807,0.0
b2798,1.998368e-05
b2795,0.0001634604
b2809,4.423531e-05
b2832,0.0
b2833,4.747222e-05
b4610,0.0
b2840,3.986001e-05
b2850,0.0
b2851,0.0
b2852,0.0
b2853,0.0
b2855,0.0
b2856,0.0
b2857,0.0
b2858,0.0
b2859,0.0
b2862,0.0
b2863,0.0
b2865,1.67141e-05
b2869,0.0
b2870,0.0
b2871,0.0
b2872,0.0
b2909,8.874879e-05
b2902,0.0
b2921,0.0
b2878,0.0
b2880,0.0
b2886,0.0
b2887,0.0
b2898,0.0003521149
b2928,0.0
b2929,0.0
b2922,0.0001134855
b2930,0.0
b2944,0.0
b2959,0.0001821013
b2956,0.0
b2958,5.913268e-05
b4465,0.0
b2950,0.0
b2951,6.967169e-05
b2952,8.675891e-05
b2953,8.231925e-06
b2955,0.0
b2962,0.0002646446
b3003,1.476567e-05
b3009,0.0
b2968,0.0
b2969,0.0
b2970,0.0
b2971,0.0
b4466,0.0
b2981,0.0
b2983,0.0
b2984,0.0
b2985,0.0
b2986,0.0
b2989,0.0002063519
b2998,0.0
b2999,0.0
b3000,0.0
b3036,0.0
b3037,0.0002274269
b3038,0.000213143
b3039,0.0
b3054,0.0001542867
b3059,0.0
b3043,0.0
b3055,0.0001529175
b3029,0.0001679835
b4469,0.0
b3020,6.667106e-05
b3023,0.0
b3024,4.604853e-05
b3027,0.0
b3074,0.0
b3078,0.0
b3079,0.0
b3080,0.0
b3085,0.0
b3086,0.0
b3087,6.282609e-05
b3090,0.0
b3120,0.0
b3121,0.0
b3103,0.0
b3104,0.0
b3105,6.003233e-05
b3106,0.0
b3107,0.0
b4470,0.0
b3110,0.0
b3130,0.0
b3184,0.0
b3153,0.0
b3154,0.0
b3155,0.0
b3156,6.650935e-05
b3157,7.021161e-05
b3158,0.0
b3159,0.0
b3160,0.0
b3173,0.0
b3180,0.0001242223
b3215,0.0
b3233,0.0001985756
b3211,0.0
b3216,0.0
b3219,0.0
b3220,0.0
b3221,2.997917e-05
b3238,0.0
b3239,0.0
b3248,2.818358e-05
b3253,0.0001875422
b3262,0.0
b3293,0.0
b4472,2.539166e-05
b3257,0.0
b3263,0.0
b3267,0.0
b3268,0.0001306517
b3269,0.0
b3270,0.0
b3271,0.0
b3346,7.601413e-05
b3352,9.568487e-05
b3353,0.0
b3354,0.0
b4551,0.0
b3356,0.0001225955
b3358,0.0
b3369,0.0
b3376,0.0
b3377,0.0
b3378,0.0
b3380,0.0
b3381,0.0
b3382,0.0
b3383,0.0
b3411,0.0
b3402,0.0
b3407,0.0004328527
b3434,0.0
b3448,0.0
b3483,0.0
b3484,0.0
b3485,0.0
b3466,0.0
b3467,2.224924e-05
b3468,0.0
b3471,0.0
b3473,0.0
b3474,0.0
b3439,3.966041e-05
b3440,7.47e-05
b3441,0.0
b3442,0.0001042988
b3508,0.0
b3487,4.091614e-05
b3488,0.0
b3489,0.0
b3490,0.0
b3491,0.0
b3492,2.7521e-05
b3504,0.0
b3518,0.0
b3520,0.0
b3521,0.0
b3522,1.753975e-05
b3523,0.0008876642
b3524,0.0
b3527,0.0001076363
b3535,0.0
b3539,0.0
b3547,0.0
b3548,0.0
b3562,0.0
b3563,0.0
b3550,0.0
b3552,5.264839e-05
b3554,0.0001468003
b3555,0.0
b3574,4.645903e-05
b3575,0.0
b3576,0.0
b3577,0.0
b3578,0.0
b3579,0.0
b3584,0.0
b3585,0.0
b3586,0.0
b3587,0.0
b3589,0.0
b3594,0.0
b3592,5.883898e-05
b3596,0.0
b3597,0.0
b3598,0.0
b3595,0.0
b3602,9.784627e-05
b3611,0.000137379
b3614,0.0
b4554,2.40429e-05
b4615,0.0
b3644,0.0002022719
b3646,0.0
b3655,5.365653e-05
b3656,0.0
b3657,0.0
b3660,0.0
b3663,0.0
b3638,0.0
b4555,0.0
b3697,9.856476e-05
b3698,0.0
b3705,0.0005396384
b4557,0.0
b3685,3.900694e-05
b3674,0.0
b3675,0.0
b3676,0.0
b3677,0.0
b3678,0.0
b3679,0.0
b3680,0.0
b3684,0.0
b3688,8.023362e-05
b3689,4.034446e-05
b3696,0.0
b3711,0.0
b3712,0.0
b3713,9.137715e-05
b3715,0.0
b3718,0.0
b3719,0.0
b3755,2.986398e-05
b3765,0.0
b3795,8.22245e-05
b4558,7.794117e-05
b3777,0.0
b3776,0.0
b3810,4.878815e-05
b3812,5.263591e-05
b4482,0.0
b3817,0.0
b3818,0.0
b3820,8.721056e-05
b3826,5.921306e-05
b3827,0.0
b3848,0.0
b3865,0.0001331167
b3858,7.012243e-05
b3861,0.0
b3862,0.0
b3866,0.0002455078
b3872,0.0
b3873,0.0
b3874,0.0
b3876,0.0
b3877,0.0
b3878,0.0
b3879,0.0
b3880,0.0
b3881,0.0
b3882,0.0
b3883,0.0
b3884,4.25273e-05
b3885,7.217598e-05
b3886,0.0
b3888,7.488611e-05
b3889,0.0
b3890,0.0
b3896,0.0
b3910,4.853724e-05
b3920,2.645266e-05
b3921,0.0
b3922,3.200836e-05
b3937,0.0
b3964,0.0
b3943,0.0
b3944,0.0
b3954,0.0
b4011,0.0
b4012,0.0
b3999,6.759012e-05
b4001,0.0
b3989,0.0
b4020,2.830049e-05
b4023,5.382294e-05
b4026,0.0
b4027,0.0
b4028,0.0
b4029,0.0
b4038,0.0
b4045,0.0
b4047,0.0
b4048,0.0
b4056,1.010415e-05
b4057,3.913396e-05
b4621,0.0
b4620,0.0
b4060,0.0
b4065,0.0
b4066,0.0
b4068,0.0002216563
b4078,7.802458e-05
b4083,0.0
b4110,0.000163573
b4135,6.374652e-05
b4121,0.0
b4126,0.0
b4127,0.0
b4108,7.579741e-05
b4107,0.0
b4487,0.0
b4167,9.476198e-05
b4141,0.0
b4144,0.0004179413
b4145,0.0
b4156,0.0
b4157,0.0
b4158,0.0
b4176,0.0
b4670,0.0
b4186,0.0
b4231,0.0
b4181,0.0
b4182,0.0
b4183,0.0
b4184,0.0
b4185,0.0
b4188,0.0
b4190,1.859376e-05
b4199,0.0
b4204,0.0
b4234,8.708421e-05
b4248,0.0
b4253,0.0
b4256,0.0
b4257,0.0
b4263,5.680141e-05
b4274,0.0
b4276,0.0
b4275,0.0
b4277,0.0
b4279,0.0
b4280,0.0001325301
b4281,0.0
b4282,0.0
b4296,0.0
b4297,0.0
b4298,0.0
b4299,0.0
b4306,0.0
b4307,0.0
b4308,0.0
b4295,8.581704e-05
b4286,0.0
b4352,0.0001161376
b4325,0.0
b4329,0.0
b4330,0.0
b4332,0.0
b4333,0.0
b4334,0.0
b4335,0.0
b4336,0.0
b4338,0.0
b4339,0.0
b4340,0.0
b4341,0.0
b4342,0.0
b4486,0.0
b4353,0.0
b4354,0.0
b4360,4.548589e-05
b4363,0.0
b4374,0.0
b4380,0.0
b4385,0.0
b4364,0.0
b4365,0.0
b4377,0.0
b4378,1.390549e-05
b4379,0.0
b4394,4.782474e-05
b4402,0.0
b4567,0.0
b4403,3.229214e-05
b0253,0.0
b0250,0.0
b0258,0.0
b0249,0.0
b0247,0.0
b4504,0.0
b0245,0.0
b0235,0.0
b4586,0.0
b0300,0.0
b0306,8.153118e-07
b0307,0.0
b0308,1.496406e-05
b0310,0.0
b0288,0.0
b0295,0.0
b0296,0.0
b4506,0.0
b4671,0.0
b0392,0.0
b0458,0.0
b4572,0.0
b0520,0.0
b0502,0.0
b0499,0.0
b4509,0.0
b4588,0.0
b4589,0.0
b0837,0.0
b0952,2.704398e-05
b0991,0.0
b1044,0.0
b1045,3.212759e-05
b1028,0.0
b4518,0.0
b1122,0.0
b1137,0.0
b1138,0.0
b1142,0.0
b1143,0.0
b1144,0.0
b1145,0.0
b1147,0.0
b1148,0.0
b1149,0.0
b1153,0.0
b1150,0.0
b1155,0.0
b1146,0.0
b1165,0.0
b1167,0.0
b1171,0.0
b1195,0.0
b4520,0.0
b1172,0.0
b4521,0.0
b4593,0.0
b4594,0.0
b4522,0.0
b1295,0.0
b4524,0.0
b4525,0.0
b4673,0.0
b1368,0.0
b1375,0.0
b1330,0.0
b1332,0.0
b1365,0.0
b1408,0.0
b1409,0.0
b1410,0.0
b1411,0.0
b1382,6.897955e-06
b4674,0.0
b1451,0.0
b1452,0.0004967534
b1454,0.0
b1455,0.0
b1458,0.0
b1436,0.0
b4530,0.0
b4531,0.0
b4598,0.0
b1459,0.0
b1520,0.0
b1523,0.0
b1524,2.3927e-05
b1526,0.0
b1527,0.0
b1506,0.0
b4599,0.0
b1582,0.0
b1583,0.0001047746
b1585,0.0
b1586,3.022718e-05
b1587,0.0
b1588,0.0
b1589,0.0
b1590,0.0
b1593,3.679019e-05
b1595,0.0
b1596,0.0
b1551,0.0
b4533,0.0
b4534,0.0
b4602,0.0
b1725,3.654132e-05
b1726,0.0
b1727,0.000102628
b4535,0.0
b1753,0.0
b1754,2.451616e-05
b1755,0.0
b1756,0.0
b1757,7.487484e-05
b1758,0.0
b1760,6.250791e-05
b1762,0.0
b1808,0.0
b1809,0.0002190051
b1810,0.0
b1816,0.0
b1793,0.0
b1796,0.0
b1811,0.0
b1788,0.0
b4675,0.0
b4676,0.0
b1841,0.0
b1843,0.0
b1820,1.818758e-05
b1824,0.0
b4536,0.0
b4677,0.0
b1974,0.0
b1957,0.0
b1953,0.0
b1995,0.0
b4539,0.0
b1998,0.0
b4538,0.0
b4678,0.0
b2135,0.0
b2136,0.0
b2137,0.0
b2139,0.0
b2141,0.0
b2142,0.0
b4542,0.0
b4679,0.0
b2211,4.595471e-05
b4604,0.0
b4605,0.0
b2380,0.0
b2381,2.243114e-05
b2382,0.0
b2384,0.0
b2385,0.0
b2376,0.0
b4545,0.0
b4680,0.0
b2434,2.848824e-05
b4546,0.0
b2390,0.0
b2466,0.0
b2473,2.821253e-05
b2475,7.268608e-05
b4606,0.0
b4547,0.0
b2543,0.0
b2544,0.0
b2545,0.0
b2546,0.0
b2547,0.0
b2548,0.0
b2549,0.0
b2550,0.0
b2647,0.0
b2649,0.0
b2650,0.0
b2611,0.0
b2646,0.0
b4548,0.0
b2635,0.0
b2641,0.0
b2640,0.0
b2639,0.0
b2689,0.0
b2690,2.516332e-05
b2666,0.0
b2790,7.280729e-05
b2792,1.221876e-05
b2775,0.0
b4682,0.0
b2874,0.0
b2875,0.0
b2876,0.0
b2844,0.0003199795
b2845,0.0
b2846,0.0
b2847,0.0
b2848,0.0
b2849,0.0
b4683,0.0
b2899,0.0
b2900,4.935194e-05
b2915,0.0
b4684,0.0
b2966,0.0
b2939,0.0
b2940,0.0
b2941,0.0
b2948,5.231928e-05
b2949,1.292198e-05
b3002,0.0001030512
b3010,0.0
b3011,0.0002107996
b3013,0.0
b3014,0.0
b3031,2.110176e-05
b3033,0.0
b3042,0.0001346966
b3046,0.0
b3047,0.0
b3048,0.0
b3050,0.0
b3051,0.0
b3095,0.0
b3097,0.0
b3098,0.0001568302
b3099,0.0
b3101,0.0
b3102,0.0
b3070,7.632796e-05
b3071,4.879005e-05
b3100,3.481514e-06
b3142,0.0
b3143,0.0
b3144,0.0
b3145,0.0
b3148,0.0
b3150,0.0001071481
b3151,7.061787e-05
b3152,1.443592e-05
b3196,0.0
b3207,0.0
b4685,0.0
b3279,0.0
b3280,0.0
b3283,0.0
b3398,0.0001014982
b3399,8.200397e-05
b3443,0.0
b3446,0.0
b4612,0.0
b3573,0.0
b4553,0.0
b3830,0.0002006035
b4686,0.0
b4622,0.0
b4205,0.0
b4206,4.328525e-05
b4209,0.0
b4210,0.0
b4212,0.0
b4215,0.0
b4216,1.359889e-05
b4217,0.0
b4218,0.0
b4222,8.853727e-05
b4227,7.407003e-05
b4485,0.0
b4230,0.0
b4655,0.0
b4568,0.0
b4387,0.0
b4395,0.0001224129
b3808,0.0
b4223,0.0
b3427,0.0
b2910,7.381861e-05
b3928,0.000378026
b0946,0.0
b0102,7.064116e-05
b3232,6.840003e-05
b1973,0.0
b2412,8.939995e-05
b0752,0.0
b3469,0.0
b3292,3.143144e-05
b1857,0.0007137157
b1859,0.0
b1858,4.890923e-05
b4002,0.0
b4004,0.0
b4003,0.0
b3040,0.0
b4046,2.180556e-05
b1852,0.000717818
